"","title","authors.list","year","pub.date","doi"
"1","Radiologic, Pathologic, Clinical, and Physiologic Findings of Electronic Cigarette or Vaping Product Use-associated Lung Injury (EVALI): Evolving Knowledge and Remaining Questions","CAPORALE;HENRY;KANNE;KLEIN;KLIGERMAN;LARSEN;RAPTIS;SCHIEBLER;TAZELAAR;WEHRLI",2020,"MAR 2020","10.1148/radiol.2020192585"
"2","Dual use of electronic and conventional cigarettes is associated with higher cardiovascular risk factors in Korean men","CHEONG;KIM;LEE;LEE;PAEK;PARK;PARK;SEO",2020,"MAR 27 2020","10.1038/s41598-020-62545-3"
"3","E-Cigarette Health Harm Awareness and Discouragement: Implications for Health Communication","BAIG;BREWER;HALL;MENDEL;NOAR;RIBISL;ROHDE",2020,"JUL 2020","10.1093/ntr/ntz194"
"4","People smoke for nicotine, but lose sexual and reproductive health for tar: a narrative review on the effect of cigarette smoking on male sexuality and reproduction","CORONA;FERLIN;ISIDORI;JANNINI;MAGGI;PALLOTTI;PIVONELLO;SANSONE",2020,"OCT 2020","10.1007/s40618-020-01257-x"
"5","Changes in Nicotine Product Use among Dual Users of Tobacco and Electronic Cigarettes: Findings from the Population Assessment of Tobacco and Health (PATH) Study, 2013-2015","GONIEWICZ;MILLER;SMITH",2020,"APR 1 2020","10.1080/10826084.2019.1710211"
"6","Early Cardiovascular Risk in E-cigarette Users: the Potential Role of Metals","ACIEN;HILPERT;LOIACONO;MARTINEZ;MORATA;NAVAS;RULE;SHIMBO",2020,"DEC 2020","10.1007/s40572-020-00297-y"
"7","Why Is Vaping Going Up in Flames?","ALEXANDER;PEREZ",2020,"MAY 2020","10.1513/AnnalsATS.201910-802PS"
"8","Use of Cigarettes and E-Cigarettes and Dual Use Among Adult Employees in the US Workplace","HANNON;HARRIS;KAVA",2020,"FEB 2020","10.5888/pcd17.190217"
"9","Comparison of the risks of combustible cigarettes, e-cigarettes, and heated tobacco products","CHO",2020,"FEB 2020","10.5124/jkma.2020.63.2.96"
"10","Cross-Sectional Association Between Lifetime Use of Electronic Cigarettes With or Without Marijuana and Self-Reported Past 12-Month Respiratory Symptoms as well as Lifetime Respiratory Diseases in US Adults","LI;XIE",2020,"DEC 2020","10.1093/ntr/ntaa194"
"11","Home smoking and vaping policies among US adults: results from the Population Assessment of Tobacco and Health (PATH) study, wave 3","BANSAL;DREHMER;LI;MCINTOSH;OSSIP;RAHMAN;SHI;TRAVERS;WINICKOFF;XIE",2020,"OCT 2020","10.1016/j.ypmed.2020.106215"
"12","A re-analysis of e-cigarette use and heart attacks in PATH wave 1 data","PLURPHANSWAT;RODU",2020,"NOV 2020","10.1111/add.15067"
"13","A randomized trial comparing the acute coronary, systemic, and environmental effects of electronic vaping cigarettes <i>versus</i> heat-not-bum cigarettes in smokers of combustible cigarettes undergoing invasive coronary assessment: rationale and design of the SUR-VAPES 3 trial","ABBATE;BULLEN;CARNEVALE;CASATI;CAVARRETTA;FRATI;MACRINA;MARTINELLI;MARULLO;PERUZZI;ROMAGNOLI;SCIARRETTA;TRITAPEPE;VERSACI;VISCONTI;VITALI;ZOCCAI",2020,"DEC 2020","10.23736/S0026-4725.20.05181-6"
"14","An Update on Biological and Clinical Associations between E-Cigarettes and Myocardial Infarction","FAVALORO;LIPPI",2020,"JUN 2020","10.1055/s-0039-3402451"
"15","E-cigarettes: toxicological fiasco or better than not giving up smoking?","HERING",2020,"JUN 2020","10.1007/s00108-020-00794-0"
"16","Electronic cigarettes: A narrative review of the implications for the pediatric anesthesiologist","BAKER;LEMAY;MCROBBIE",2020,"JUN 2020","10.1111/pan.13885"
"17","Electronic Cigarette Explosion and Burn Injuries","BARNETT;EMECHEBE;GIMM;LIVINGSTON;ROSSHEIM;SOULE;THOMBS",2020,"MAY 2020","10.18001/TRS.6.3.2"
"18","Response: Risk Is Not Causation","DESAI;PAREKH",2020,"JUN 2020","10.1016/j.amepre.2020.01.026"
"19","The proper approach to assessing the impact of the fact that e-cigarettes were not available before 2007","BHATTA;GLANTZ",2020,"NOV 2020","10.1111/add.15103"
"20","Long-term cardiovascular risk of e-cigarettes","DAIBER;MUENZEL;SCHMIDT",2020,"APR 14 2020","10.1093/eurheartj/ehaa079"
"21","RETRACTION: Electronic Cigarette Use and Myocardial Infarction Among Adults in the US Population Assessment of Tobacco and Health (Retraction of Vol 8, art no E012317, 2019)","BHATTA;GLANTZ",2020,"FEB 18 2020","10.1161/JAHA.119.014519"
"22","Net Effect of Young Adult Dual Combusted Cigarette and E-Cigarette Users' Anticipated Responses to Hypothetical E-Cigarette Marketing Restrictions","GLANTZ",2020,"APR 1 2020","10.1080/10826084.2019.1710209"
"23","Lipids, Blood Pressure, Kidney-what was New in 2012?","BANACH;HERING;MALYSZKO;MYSLIWIEC;NARKIEWICZ;RYSZ",2012,"NOV 15 2012","10.3923/ijp.2012.659.678"
"24","Divergent marijuana trajectories among men: Socioeconomic, relationship, and life satisfaction outcomes in the mid-30s","BECHTOLD;LOEBER;PARDINI;WHITE",2015,"NOV 1 2015","10.1016/j.drugalcdep.2015.08.031"
"25","Retraction of Nonmetropolitan sex-role ideologies: A longitudinal study (vol 64, pg 44, 1999)","JOHNSON",2004,"JUN 2004","10.1526/003601104323087624"
"26","Identifying and mapping community vulnerability","MORROW",1999,"MAR 1999","10.1111/1467-7717.00102"
"27","Glycated hemoglobin as an indicator of social environmental stress among indigenous versus westernized populations","DANIEL;DEA;KELLY;MCDERMOTT;O;ROWLEY",1999,"NOV 1999","10.1006/pmed.1999.0559"
"28","The Kobe earthquake and reduced suicide rate in Japanese males","NISHIMURA;NUSHIDA;SHIOIRI;TANG;TATSUNO",1999,"MAR 1999","10.1001/archpsyc.56.3.282"
"29","Retraction: Suicide after natural disasters","ANNEST;CROSBY;DAHLBERG;KRESNOW;KRUG;PEDDICORD;POWELL",1999,"JAN 14 1999","10.1056/NEJM199901143400213"
"30","Tuning In, Not Turning Out: Evaluating the Impact of Ethnic Television on Political Participation (Expression of Concern of Vol 63, Pg 808, 2019)","NEWMAN;VELEZ",2019,"OCT 2019","10.1111/ajps.12455"
"31","The impact of genetic modification of human foods in the 21st century: A review","UZOGARA",2000,"MAY 2000","10.1016/S0734-9750(00)00033-1"
"32","US public opinion divided over biotechnology?","PRIEST",2000,"SEP 2000","10.1038/79412"
"33","Comparison of the risks of combustible cigarettes, e-cigarettes, and heated tobacco products","CHO",2020,NA,"10.5124/JKMA.2020.63.2.96"
"34","E-cigarettes: no smoke without fire?","BANKS;COPELAND;COSMA;DANIELS;DJARLIJEVA;LLEWELLYN;MORRIS",2020,NA,"10.1017/S1357321720000112"
"35","E-Cigarettes: A Hazard or a Help?","GUTTERMAN",2020,NA,"10.1080/10920277.2019.1683040"
"36","Olmesartan/amlodipine/hydrochlorothiazide in participants with hypertension and diabetes, chronic kidney disease, or chronic cardiovascular disease: A subanalysis of the multicenter, randomized, double-blind, parallel-group TRINITY study","CHRYSANT;FERNANDEZ;HEYRMAN;IZZO;KEREIAKES;LEE;LITTLEJOHN;MELINO",2012,NA,"10.1186/1475-2840-11-134"
"37","Proteomic Response to Acupuncture Treatment in Spontaneously Hypertensive Rats","CHEW;HAO;HE;HUANG;LAI;LIANG;MA;NABAR;PAN;SNEED;SU;TANG;WANG;YANG;YANG;ZHANG;ZHANG;ZHOU",2012,NA,"10.1371/journal.pone.0044216"
"38","The j-curve revisited: A therapeutic dilemma","FILIPPONE;FOY",2012,NA,"10.1097/CRD.0b013e3182564a34"
"39","High blood pressure in adults with disabilities: Influence of gender, body weight and health behaviors","HSU;LIN;LIN;LIOU;LIU",2012,NA,"10.1016/j.ridd.2012.03.027"
"40","Progress report on the first sub-Saharan Africa trial of newer versus older antihypertensive drugs in native black patients","ADIKAIBE;ANISIUBA;B;BOOMBHI;BUYAMBA;EZEALA;IJOMA;KABANGU;KAMDEM;KAPTUE;KINGUE;KOLO;LEMOGOUM;M;NDIAYE;ODILI;OMOTOSO;SHU;STAESSEN;THIJS;ULASI",2012,NA,"10.1186/1745-6215-13-59"
"41","Showdown at the cannabis corral","EISENSTEIN",2015,NA,"10.1038/525S15a"
"42","Influence of School Factors on Adolescent Smoking Behavior From the Perspective of Hirschi’s Social Bond Theory","HUNG;KUEH;TUNG",2021,NA,"10.6209/JORIES.202112_66(4).0004"
"43","Life Domains and Dating Violence Among Latino Youth: A Partial Test of Agnew’s Integrated General Theory","MUNIZ;ZAVALA",2021,NA,"10.1177/0734016820966036"
"44","Gender, Bullying Victimization, Depressive Symptoms, and Suicidality","STROHACKER;WATTS;WRIGHT",2021,NA,"10.1177/0306624X19895964"
"45","School Violence and Teacher Professional Engagement: A Cross-National Study","NING;QIN;YANG",2021,NA,"10.3389/fpsyg.2021.628809"
"46","Does school climate that includes students’ views deliver academic achievement? A multilevel meta-analysis","AKIN;ARIKAN;DEMIRTA;TERZI;ZORBAZ",2021,NA,"10.1080/09243453.2021.1920432"
"47","Student misbehaviour and school climate: A multilevel study; La conducta disruptiva y el clima escolar: Un estudio multinivel","AGUADO;ARIAS;AZ;BABARRO;CHAC;D;FERN;MART;MART;MART;N;N;NDEZ;NEZ;NEZ",2021,NA,"10.5093/PSED2020A10"
"48","Supporting students’ engagement with teachers’ feedback: the role of students’ school identification","ANT;CARVALHO;MARTINS;NIO;SANTOS",2021,NA,"10.1080/01443410.2020.1849564"
"49","Authoritative school climate and out-of-school suspensions: Results from a nationally-representative survey of 10th grade students","COHEN;COOMBS;HUANG;OLSEN",2021,NA,"10.1080/1045988X.2020.1843129"
"50","Do Social Bonds Matter? Social Control Theory and Its Relationship to Desistance From Substance Abuse in China","BOATENG;CUI;LIU;SHUAI;WU",2021,NA,"10.1177/0022042620957020"
"51","When Gender Stereotypes Get Male Adolescents into Trouble: A Longitudinal Study on Gender Conformity Pressure as a Predictor of School Misconduct","HEK;HEYDER;HOUTTE;VAN;VAN",2021,NA,"10.1007/s11199-020-01147-9"
"52","Uncovering the: Hidden costs of coastal hazards","BAISH;DAVID;MORROW",1999,NA,"10.1080/00139159909604784"
"53","Australian disaster triage: A colour maze in the Tower of Babel","GARNER;NOCERA",1999,NA,"10.1046/j.1440-1622.1999.01643.x"
"54","Interventions for acute trauma response","SOLOMON",1999,NA,"10.1097/00001504-199903000-00006"
"55","On abandoning life when it is least difficult","GRANBERG;WESTERBERG",1999,NA,"10.1080/19485565.1999.9988993"
"56","Public perceptions of agricultural biotechnology and pesticides: Recent understandings and implications for risk communication","PETERSON",2000,NA,"10.1093/ae/46.1.8"
"57","Consumer concerns about industrialized agriculture and food safety: Importance, origin and possible solutions","BONNY",2000,NA,"10.1051/animres:2000121"
"58","Regulation of Genetically Modified Organisms in the European Union","ENDRES;GROSSMAN",2000,NA,"10.1177/00027640021956260"
"59","Seeds of Discontent: Expert Opinion, Mass Media Messages, and the Public Image of Agricultural Biotechnology","GILLESPIE;PRIEST",2000,NA,"10.1007/s11948-000-0012-4"
"60","Genetically modified crops and the environment","BARTON;DRACUP",2000,NA,"10.2134/agronj2000.924797x"
"61","Ethical Dilemmas when Diagnosing Hypertension","DIAZ;LOPEZ;MONTERO;SANTANA",2012,NA,NA
"62","PUBLIC AND PRIVATE EDUCATION IN AMERICA: Examining the Facts","COBB;GLASS",2021,NA,NA
"63","Evaluación de los efectos sanitarios a medio y largo plazo del terremoto de Hanshin Awaji de Kobe, Japón","A;MART;MOLINA;MU;NEZ;OCA;OZ",1999,NA,NA
"64","Agricultural Biotechnology and Societal Decision-making: The Role of Risk Analysis","PETERSON;WOLT",2000,NA,NA
"65","Consumers, agriculture, food quality and food safety: An analysis of consumer questions and of the answers put forward; Les consommateurs, l'agriculture, la qualité et la sécurité des aliments: Une analyse du questionnement des consommateurs et des réponses apportées","BONNY",2000,NA,NA
"66","Labeling of rDNA Biotechnology-Derived Foods the Institute of Food",NA,2000,NA,NA
"67","Europe the spoil-sport: On the Europeans' reluctance towards genetically modified food","E;JELS;LASSEN;NIELSEN;RUSANEN;TORGERSEN",2000,NA,NA
